Feature,Importance
TotalCharges,0.20315402282314862
MonthlyCharges,0.17005532926333902
tenure,0.16392418156905805
PaymentMethod_Electronic check,0.041521883682062936
InternetService_Fiber optic,0.0387872343842901
gender,0.028290012997469697
Contract_Two year,0.02734529607070784
PaperlessBilling,0.02696233931941926
OnlineSecurity_Yes,0.024233239387850943
Partner,0.023769406621785696
